location_id	address_1	address_2	city	state	zip	county	location_source_value	country_concept_id	country_source_value	latitude	longitude
1							N21000001			54.77806905128977	-6.267626336872539
2							N21000002			54.756796203203415	-6.109235664274456
3							N21000003			54.75903381448611	-6.431761111311633
4							N21000004			54.75054226937883	-6.325628039755614
5							N21000005			54.75043295386715	-6.3117767919856105
6							N21000006			54.733247019259785	-6.330287693852609
7							N21000007			54.73744339097576	-6.215527330783582
8							N21000008			54.731197769800666	-6.195656136676365
9							N21000009			54.725838512256196	-6.23601330812459
10							N21000010			54.72302570805938	-6.208718521035129
11							N21000011			54.71958993724246	-6.1967736102024435
12							N21000012			54.719118262060064	-6.175965084054202
13							N21000013			54.71574128906259	-6.215770392506834
14							N21000014			54.715542697860826	-6.203352159079619
15							N21000015			54.70982167613969	-6.192876370681655
16							N21000016			54.70911416376203	-6.185612238415928
17							N21000017			54.70705658729101	-6.203381067738749
18							N21000018			54.70583540294547	-6.225739748782028
19							N21000019			54.7645035391851	-6.033933835787704
20							N21000020			54.75926527675361	-6.006480399475162
21							N21000021			54.752263945908865	-6.004825731002414
22							N21000022			54.75058140601287	-5.9922415617443425
23							N21000023			54.74739387404497	-6.015761505305921
24							N21000024			54.745567757298865	-5.943117976451494
25							N21000025			54.73831478161712	-6.042960329368509
26							N21000026			54.725291491195584	-6.01628618954513
27							N21000027			54.70594621840342	-5.971491263674322
28							N21000028			54.70215063303045	-5.9141882273566875
29							N21000029			54.69410467487899	-5.90901069821189
30							N21000030			54.6925128232511	-5.943881719023127
31							N21000031			54.690669850009684	-5.897037131571176
32							N21000032			54.68861018137637	-5.933593425110041
33							N21000033			54.686766757733544	-5.884405010355189
34							N21000034			54.68688021153315	-5.943335305767634
35							N21000035			54.68562300829105	-5.906942589462213
36							N21000036			54.684917391552375	-5.9138341487167265
37							N21000037			54.679964507607366	-5.933573491358178
38							N21000038			54.67835808490895	-5.89716923247191
39							N21000039			54.67716608208476	-5.910743406870751
40							N21000040			54.67252482709582	-5.927313822024368
41							N21000041			54.67079334966671	-5.907614762594148
42							N21000042			54.66971862913723	-5.9165634568480465
43							N21000043			54.66516642187846	-5.922300294261497
44							N21000044			54.66172556562593	-5.905569731833966
45							N21000045			54.66281914952806	-5.932479391960749
46							N21000046			54.66244526223734	-5.912574363416345
47							N21000047			54.65303523469401	-5.920555337756898
48							N21000048			54.68742790166263	-5.960919791904926
49							N21000049			54.68442828334253	-5.954017547408573
50							N21000050			54.68397301248081	-5.97244128661957
51							N21000051			54.68031848162666	-5.957705303657503
52							N21000052			54.679388566627644	-5.965043313447462
53							N21000053			54.67509684791361	-5.951353967907041
54							N21000054			54.67481491119185	-5.969913505399013
55							N21000055			54.673536097467085	-5.9607205277615325
56							N21000056			54.66920839463148	-5.94586512917843
57							N21000057			54.666880364454926	-5.957118775405023
58							N21000058			54.65812936677986	-5.968356318160518
59							N21000059			54.700908726075696	-6.094793624483041
60							N21000060			54.700813355545286	-6.145959202629855
61							N21000061			54.67891840372181	-6.053866751968621
62							N21000062			54.68026775689733	-5.998191669134615
63							N21000063			54.67040109789604	-5.983228994366204
64							N21000064			54.646839512626485	-6.244914802210943
65							N21000065			54.63982782060761	-6.134054302827648
66							N21000066			54.6214821402611	-6.218611076900809
67							N21000067			54.61775941537348	-6.214087305849615
68							N21000068			54.40401025298262	-6.672757860582144
69							N21000069			54.35554777353073	-6.629153836024982
70							N21000070			54.355870498307624	-6.647081646795939
71							N21000071			54.35119437808232	-6.668805756370823
72							N21000072			54.357203590494024	-6.7928127366070665
73							N21000073			54.34726697332857	-6.655744516090176
74							N21000074			54.33880158279318	-6.654148524143862
75							N21000075			54.335661494236795	-6.632232452220838
76							N21000076			54.31996605089884	-6.711474969138776
77							N21000077			54.25500181741494	-6.772862391766128
78							N21000078			54.249017583446765	-6.70318171240429
79							N21000079			54.48430765856412	-6.598471747664126
80							N21000080			54.46659515757783	-6.504441407547629
81							N21000081			54.43410126449573	-6.462549513044056
82							N21000082			54.43241986050761	-6.447838146398704
83							N21000083			54.42730646843095	-6.452090239456086
84							N21000084			54.42579517994029	-6.437936698105886
85							N21000085			54.423847875745516	-6.4591266243173715
86							N21000086			54.4226005785076	-6.427842712909686
87							N21000087			54.4222863387425	-6.5955056698313115
88							N21000088			54.42009634768381	-6.4614067668473645
89							N21000089			54.41526157455175	-6.442923542316978
90							N21000090			54.41525513282863	-6.450555869891645
91							N21000091			54.412378533065734	-6.4597939159773885
92							N21000092			54.40629510433772	-6.448816524600039
93							N21000093			54.407698565683205	-6.477973169737038
94							N21000094			54.4882131678098	-6.436692158521699
95							N21000095			54.46468071816866	-6.370880303953669
96							N21000096			54.45074850586596	-6.4038498001228366
97							N21000097			54.44864142618317	-6.370328449271394
98							N21000098			54.44433360536042	-6.35525560640276
99							N21000099			54.442213933329846	-6.402138990869072
100							N21000100			54.437623075048705	-6.362071683411017
101							N21000101			54.4381582518852	-6.4263475051332035
102							N21000102			54.434952915753236	-6.41233452301278
103							N21000103			54.42531290216162	-6.418880013638016
104							N21000104			54.4258592428282	-6.357178127178953
105							N21000105			54.422309396983096	-6.413234635023699
106							N21000106			54.41473623803446	-6.3889639918165875
107							N21000107			54.51883951756569	-6.2884066836981605
108							N21000108			54.48589200416106	-6.303599939144669
109							N21000109			54.480033140380584	-6.344355399675246
110							N21000110			54.47486467579092	-6.321692303588022
111							N21000111			54.472210292310386	-6.331135970980536
112							N21000112			54.469081428019486	-6.348376347009332
113							N21000113			54.466788585797346	-6.331365503028043
114							N21000114			54.4652217099902	-6.258468222346673
115							N21000115			54.460803636152285	-6.2936237810869615
116							N21000116			54.461279071190134	-6.326246167173514
117							N21000117			54.46027509469945	-6.339476532401454
118							N21000118			54.45912518488796	-6.352664184126075
119							N21000119			54.45729808537489	-6.312228635035519
120							N21000120			54.45514785564618	-6.333953441860627
121							N21000121			54.454066234058104	-6.346559465339179
122							N21000122			54.45088577037887	-6.323507162883618
123							N21000123			54.449838833783346	-6.336391703979476
124							N21000124			54.43810312651292	-6.299516348414543
125							N21000125			54.43161980683196	-6.297283253155332
126							N21000126			54.43254456673461	-6.252895315449814
127							N21000127			54.41711518669479	-6.139240623565906
128							N21000128			54.41840279364073	-6.258721131344344
129							N21000129			54.4139784534518	-6.150859862672398
130							N21000130			54.412558897366296	-6.303988960123673
131							N21000131			54.407702147351216	-6.157868805556353
132							N21000132			54.39706997055971	-6.214010551112185
133							N21000133			54.3951421348516	-6.133235636614528
134							N21000134			54.3760556580551	-6.068170076621901
135							N21000135			54.33901105864723	-6.104809155852118
136							N21000136			54.38671035606072	-6.351040733310301
137							N21000137			54.37529150959446	-6.362841024772925
138							N21000138			54.358123401449944	-6.265058650591707
139							N21000139			54.35687469923721	-6.279525636772242
140							N21000140			54.351111740401734	-6.266067172623705
141							N21000141			54.35051777549858	-6.327222048439057
142							N21000142			54.34611637544112	-6.277313371429343
143							N21000143			54.346944741530976	-6.288631233854531
144							N21000144			54.34477809777699	-6.255665921228439
145							N21000145			54.33672798691947	-6.273503621951243
146							N21000146			54.30816753653391	-6.220763437964786
147							N21000147			54.29270635148391	-6.333113097822529
148							N21000148			54.2714668845505	-6.122626247706198
149							N21000149			54.236277109405904	-6.163558972215544
150							N21000150			54.37119057186531	-6.447650504945555
151							N21000151			54.37251364149776	-6.549569879875669
152							N21000152			54.35913176920346	-6.415317059216825
153							N21000153			54.357425520028926	-6.457304912072229
154							N21000154			54.36185237650433	-6.5699732495932865
155							N21000155			54.35319565724163	-6.411134640225009
156							N21000156			54.32689720777335	-6.517320533798379
157							N21000157			54.29345838546857	-6.432958589757136
158							N21000158			54.29559928994028	-6.521866429231551
159							N21000159			54.267755779662274	-6.570919175357877
160							N21000160			54.25007073655538	-6.659784016752541
161							N21000161			54.63697302908803	-5.990806560732551
162							N21000162			54.6294227254743	-5.968796682459748
163							N21000163			54.6277646119264	-5.963992602644249
164							N21000164			54.625961932061394	-5.986364884955867
165							N21000165			54.62339656994161	-5.962931146694126
166							N21000166			54.62440082702045	-5.976072735119116
167							N21000167			54.621150687946475	-5.946329965192914
168							N21000168			54.61869303619628	-5.956435252384618
169							N21000169			54.618458164644906	-5.962868323894195
170							N21000170			54.618493042329504	-5.968767734841547
171							N21000171			54.61599627054924	-5.945547112611697
172							N21000172			54.61552836288884	-5.951383686202621
173							N21000173			54.61406264226163	-5.961565072134021
174							N21000174			54.61276691882446	-5.952963036759679
175							N21000175			54.61245392433668	-5.939733493201656
176							N21000176			54.61018609395569	-5.933350070028742
177							N21000177			54.60878905548536	-5.928769993523232
178							N21000178			54.60656291032495	-5.934620849327723
179							N21000179			54.65755615668223	-5.942662826261386
180							N21000180			54.650323312778404	-5.9295983151717895
181							N21000181			54.644264481546486	-5.927955803480576
182							N21000182			54.64358842517907	-5.949014087730001
183							N21000183			54.63860173753482	-5.924985943063919
184							N21000184			54.63601682963756	-5.936285579643905
185							N21000185			54.633577480615095	-5.957194660310139
186							N21000186			54.632530893471646	-5.929545173322501
187							N21000187			54.62959063304732	-5.948963459056201
188							N21000188			54.6279091803451	-5.925008838427125
189							N21000189			54.62810516898967	-5.940850141999351
190							N21000190			54.6260741754327	-5.933292581467082
191							N21000191			54.624050730019725	-5.925662063057338
192							N21000192			54.62827994606594	-5.906932002260243
193							N21000193			54.6234748532599	-5.938411844519142
194							N21000194			54.61974900344613	-5.933118967060783
195							N21000195			54.61790586694793	-5.925848270917478
196							N21000196			54.61561804907953	-5.932376996036463
197							N21000197			54.622822860539515	-5.87286507675054
198							N21000198			54.60942973811792	-5.90164507669162
199							N21000199			54.60685715677882	-5.882677491307342
200							N21000200			54.6030517185279	-5.8801001670098945
201							N21000201			54.60210801675048	-5.887713948736272
202							N21000202			54.60082798067612	-5.896504167454133
203							N21000203			54.5995044556166	-5.879339133193519
204							N21000204			54.597968480969534	-5.907401688751327
205							N21000205			54.5968974823998	-5.888790318926058
206							N21000206			54.5964927339413	-5.879727877727422
207							N21000207			54.59532370054399	-5.901089207451412
208							N21000208			54.5955179268789	-5.895491489587442
209							N21000209			54.59350344946824	-5.911179231580276
210							N21000210			54.592965383503405	-5.886540931894072
211							N21000211			54.5931695720931	-5.879433590828429
212							N21000212			54.59250337558888	-5.905920397537637
213							N21000213			54.59143454816425	-5.900353520615369
214							N21000214			54.58970917255889	-5.901017471571446
215							N21000215			54.58957449745518	-5.896535435837878
216							N21000216			54.58859691946302	-5.889947041847081
217							N21000217			54.58812161199497	-5.908390452257162
218							N21000218			54.587281106664605	-5.903450129481263
219							N21000219			54.61490403668254	-5.853075935911418
220							N21000220			54.614342936147196	-5.859216874873182
221							N21000221			54.605633406550226	-5.831082871445462
222							N21000222			54.604629185793755	-5.8669593105014775
223							N21000223			54.60011777089894	-5.869464679544318
224							N21000224			54.600083499897806	-5.852869680339358
225							N21000225			54.594266022886295	-5.8605975933048375
226							N21000226			54.59466588762668	-5.87036351051097
227							N21000227			54.5920833407667	-5.836100935781635
228							N21000228			54.59025695342654	-5.873238112630059
229							N21000229			54.58949011245971	-5.8268724171233774
230							N21000230			54.58939956430565	-5.849249624696202
231							N21000231			54.58576710062031	-5.841133827720562
232							N21000232			54.585235908306046	-5.867374610871602
233							N21000233			54.58432030277054	-5.858030272325595
234							N21000234			54.58092794632795	-5.837178879887918
235							N21000235			54.574202658381324	-5.858506380736032
236							N21000236			54.58509020814732	-5.89508226809065
237							N21000237			54.584510550445025	-5.878482128148034
238							N21000238			54.5843105740154	-5.907446305015818
239							N21000239			54.584339182044125	-5.901547509968202
240							N21000240			54.57946309792417	-5.8890315142637455
241							N21000241			54.5794469694926	-5.906044035410879
242							N21000242			54.577172032111086	-5.868398306104027
243							N21000243			54.5761082106892	-5.898640889649731
244							N21000244			54.57452480327497	-5.886453181286015
245							N21000245			54.57342127684482	-5.917806077641002
246							N21000246			54.57330222299353	-5.901624159348196
247							N21000247			54.57042482108347	-5.878453739156068
248							N21000248			54.570693547901534	-5.898949405138498
249							N21000249			54.570242809100705	-5.919085553987141
250							N21000250			54.56570448338257	-5.899815115944641
251							N21000251			54.59620611187262	-5.9338218967204375
252							N21000252			54.59538606408558	-5.919812316994389
253							N21000253			54.5914575161843	-5.9323359578276005
254							N21000254			54.589391702675925	-5.923814548354842
255							N21000255			54.589706054989826	-5.9517353958865415
256							N21000256			54.588326740284856	-5.943092832978262
257							N21000257			54.58689084507294	-5.95521905185697
258							N21000258			54.586598706712266	-5.934783115986613
259							N21000259			54.58527652763768	-5.927897642230762
260							N21000260			54.58475667496665	-5.951086387496603
261							N21000261			54.58391909201463	-5.944221590997064
262							N21000262			54.583626492528666	-5.9246810844344004
263							N21000263			54.58287230687712	-5.915908726397043
264							N21000264			54.58039965153205	-5.933385426161579
265							N21000265			54.580627730817675	-5.943383637095634
266							N21000266			54.57908196261299	-5.949328905674097
267							N21000267			54.578889363079654	-5.925467158298712
268							N21000268			54.57813937695632	-5.962785576199855
269							N21000269			54.57645262390027	-5.9219533732651355
270							N21000270			54.574388559172355	-5.946429978005316
271							N21000271			54.57151913723667	-5.935566317702904
272							N21000272			54.5643583425325	-5.93826798325767
273							N21000273			54.569966514165536	-5.955352775608061
274							N21000274			54.56875660827663	-5.976660285331591
275							N21000275			54.56288945237444	-5.970135442044809
276							N21000276			54.5637307876598	-5.986757167387189
277							N21000277			54.56221685891401	-5.955021418989373
278							N21000278			54.55857669184411	-5.93051849273884
279							N21000279			54.55882911926659	-5.979792896116954
280							N21000280			54.55876413494994	-5.990004251409583
281							N21000281			54.55619669322865	-5.9724606099180235
282							N21000282			54.551183601930774	-5.927321495706609
283							N21000283			54.54969199179732	-5.962995098664036
284							N21000284			54.54427974372586	-5.981272114770066
285							N21000285			54.54305429832276	-5.946628949171946
286							N21000286			54.57077445391714	-6.000090955721392
287							N21000287			54.56798229686184	-6.037287051743191
288							N21000288			54.56844753693165	-6.011380991609222
289							N21000289			54.56737279410768	-6.003890747456421
290							N21000290			54.568255078787104	-6.024267242632628
291							N21000291			54.56582513849462	-6.0153489937708775
292							N21000292			54.55972355352327	-6.027906478902928
293							N21000293			54.5586193735739	-6.007738048438384
294							N21000294			54.55734109214071	-5.99854350504772
295							N21000295			54.55755772901483	-6.021202544915041
296							N21000296			54.5559122970061	-6.050894550267
297							N21000297			54.55211591806604	-6.037371869469828
298							N21000298			54.55163016161151	-6.017998385423021
299							N21000299			54.54997423783874	-6.030817575409734
300							N21000300			54.54736991347727	-6.002376341746877
301							N21000301			54.59779275095436	-5.986026378363398
302							N21000302			54.59526861893017	-5.971643570011568
303							N21000303			54.59295965449258	-5.9619232627310925
304							N21000304			54.595686073968025	-6.020905552055529
305							N21000305			54.59223868443634	-5.975047198229395
306							N21000306			54.58867261417591	-5.983051495676411
307							N21000307			54.583124852780756	-5.984216880772745
308							N21000308			54.58342388949907	-5.9926739475126585
309							N21000309			54.5834132581249	-5.97069298642183
310							N21000310			54.58076948011782	-6.004107642276271
311							N21000311			54.575891615974854	-5.990827831733056
312							N21000312			54.57664429908925	-6.002224810536179
313							N21000313			54.57461947972268	-6.02006571361348
314							N21000314			54.57387447433135	-6.010687362268448
315							N21000315			54.57204541692491	-5.9877115271210135
316							N21000316			54.61757631953323	-5.97692568871948
317							N21000317			54.61186940607589	-5.965141985224044
318							N21000318			54.61473909666221	-5.999145382142485
319							N21000319			54.609491673680246	-5.95569058368883
320							N21000320			54.609069025957645	-5.980673640535799
321							N21000321			54.60763539404223	-5.961154559478302
322							N21000322			54.6075491923391	-5.945154923722372
323							N21000323			54.60635496554897	-5.95391688097295
324							N21000324			54.60571558883817	-5.968747185287704
325							N21000325			54.604395725901604	-5.943844116725976
326							N21000326			54.604927427883005	-5.980606413927643
327							N21000327			54.60227629666081	-5.961204972233078
328							N21000328			54.60169430895188	-5.955035573470545
329							N21000329			54.600614974433334	-5.939182782258715
330							N21000330			54.60081111815559	-5.9772510232384555
331							N21000331			54.59902612579038	-5.949957139741363
332							N21000332			54.59850199015636	-5.967094022710746
333							N21000333			54.59884668959407	-5.958068046106605
334							N21000334			54.59591924760182	-5.9449396112321775
335							N21000335			54.59380868871871	-5.955815747887647
336							N21000336			55.045545504492175	-7.030024015929633
337							N21000337			55.038096839125785	-6.977807026482524
338							N21000338			55.0360148772691	-7.117432862215102
339							N21000339			54.993445014192254	-7.054452767950159
340							N21000340			54.943811121179955	-6.9800435858535135
341							N21000341			54.92573900407527	-6.919192229638504
342							N21000342			54.90024456084475	-6.889219242150356
343							N21000343			55.11850671261655	-6.929213943606437
344							N21000344			55.052356190184135	-6.947380950255787
345							N21000345			55.04933928301636	-6.935809070317471
346							N21000346			55.044636698491125	-6.924750741327441
347							N21000347			55.04182828792438	-6.948070476761251
348							N21000348			55.03645118699377	-6.864059171931979
349							N21000349			55.03895961097449	-6.933515417238287
350							N21000350			55.16382573277084	-6.788944323713936
351							N21000351			55.14136888930302	-6.796825058463273
352							N21000352			55.10354602440053	-6.749963301077178
353							N21000353			55.04377693591722	-6.707614640768513
354							N21000354			54.999964518485434	-6.6095514264826924
355							N21000355			54.98321012182891	-6.686280304657378
356							N21000356			54.95407113637112	-6.691383963391717
357							N21000357			54.951361949871234	-6.5563988597629645
358							N21000358			55.14622096296896	-6.661615989267129
359							N21000359			55.14608828660482	-6.6775725075433625
360							N21000360			55.14008092853571	-6.650832828432933
361							N21000361			55.13383355081984	-6.67054822123046
362							N21000362			55.13191942864767	-6.656619004850655
363							N21000363			55.129030376313175	-6.684691238846807
364							N21000364			55.127467410818824	-6.675385377383477
365							N21000365			55.119522654741075	-6.658736032922679
366							N21000366			55.11853071524652	-6.679098480872434
367							N21000367			55.11512031924156	-6.638700875217451
368							N21000368			55.20980333163493	-6.457964084120324
369							N21000369			55.20231137720557	-6.65776970068917
370							N21000370			55.20260282241863	-6.5230481442898
371							N21000371			55.19673577282771	-6.652236542547905
372							N21000372			55.19237069982832	-6.648079558108871
373							N21000373			55.18555924723149	-6.704530321562209
374							N21000374			55.18186639378907	-6.714242561774308
375							N21000375			55.17325350899902	-6.713489061893109
376							N21000376			55.16299017054447	-6.530071860048579
377							N21000377			55.151474891618086	-6.627160538581177
378							N21000378			55.112032632944306	-6.448914116138273
379							N21000379			55.205713824598945	-6.257126198498606
380							N21000380			55.28536050661227	-6.22164325804564
381							N21000381			55.177374852059785	-6.249999703608332
382							N21000382			55.13223710852922	-6.381139293400926
383							N21000383			55.111203836499364	-6.1061879765153
384							N21000384			55.07585974347319	-6.280888223655879
385							N21000385			55.03061567756987	-6.084620022247387
386							N21000386			55.083650442083595	-6.550351222387931
387							N21000387			55.076079819757815	-6.505247718033929
388							N21000388			55.075314691642824	-6.524236901351288
389							N21000389			55.06998650658714	-6.516213000686148
390							N21000390			55.067180990658926	-6.496773510477447
391							N21000391			55.06363429881363	-6.515166193660089
392							N21000392			55.038258851004706	-6.378178487748781
393							N21000393			55.00670321820534	-6.434746145043981
394							N21000394			54.99845779217514	-6.3319414279005795
395							N21000395			54.990211674239035	-6.51667096263244
396							N21000396			54.94146656367625	-6.44554282994815
397							N21000397			54.9994390102422	-7.3467978890632235
398							N21000398			54.99844294857656	-7.333858206851571
399							N21000399			54.99621612737527	-7.321698994839294
400							N21000400			54.99255547402936	-7.352147014935691
401							N21000401			54.99173825667767	-7.341949824758326
402							N21000402			54.99001000102511	-7.3336963570530935
403							N21000403			54.99030723781571	-7.3239926188342865
404							N21000404			54.98444491090435	-7.378884979928466
405							N21000405			55.02284462824401	-7.3639776470785065
406							N21000406			55.01664809245802	-7.305463535617205
407							N21000407			55.01450223904221	-7.353059692964039
408							N21000408			55.013533093586595	-7.327334856112107
409							N21000409			55.012647950766336	-7.340378449741551
410							N21000410			55.00637510436112	-7.317349352668949
411							N21000411			55.005010412780585	-7.333019143391042
412							N21000412			55.05366198564706	-7.265248445805633
413							N21000413			55.037771867264674	-7.326571248278648
414							N21000414			55.040827285549774	-7.311949407521291
415							N21000415			55.03710232675588	-7.306240570466075
416							N21000416			55.03247720730999	-7.334693542713538
417							N21000417			55.03119439178807	-7.3185438548624
418							N21000418			55.028705973733295	-7.328075922090822
419							N21000419			55.029308068438894	-7.30105357026071
420							N21000420			55.02923284191371	-7.34103123561027
421							N21000421			55.02661933293921	-7.310757063353723
422							N21000422			55.02320283963717	-7.319453620551676
423							N21000423			55.00562495326207	-7.298928968172026
424							N21000424			55.00404193950864	-7.282011414841659
425							N21000425			54.998150437737664	-7.275356002600725
426							N21000426			54.99728542979923	-7.287374352256674
427							N21000427			54.995465577435986	-7.30405902552762
428							N21000428			54.993026322254366	-7.289431475782605
429							N21000429			54.990192648366694	-7.304265700944534
430							N21000430			54.98617382017015	-7.2876934498128225
431							N21000431			54.98263788232299	-7.30083244033016
432							N21000432			54.98027767059158	-7.271250020986259
433							N21000433			54.97982859255752	-7.324695233976017
434							N21000434			54.978955201900426	-7.3127392948477254
435							N21000435			54.97345169043879	-7.292299821851952
436							N21000436			55.03252044789831	-7.270850655399401
437							N21000437			55.026807470865236	-7.173260958690425
438							N21000438			55.02265139114729	-7.181511390241687
439							N21000439			55.022003926660936	-7.222612761492182
440							N21000440			54.95785343914941	-7.179898007329243
441							N21000441			54.958912615374686	-7.355990235360271
442							N21000442			54.93420525279796	-7.365825015259166
443							N21000443			54.91170088198287	-7.159635867119634
444							N21000444			54.89540724276487	-7.083623049419469
445							N21000445			54.891566674142645	-7.3166189467479565
446							N21000446			54.841851314742016	-7.3579863659894995
447							N21000447			54.83279943370834	-7.45500152032324
448							N21000448			54.82613575116503	-7.467243265084771
449							N21000449			54.81638588697313	-7.1304444175873805
450							N21000450			54.819516383454435	-7.456873150478149
451							N21000451			54.81825308912443	-7.47392144829764
452							N21000452			54.81118755314659	-7.466131475720924
453							N21000453			54.776555574418644	-7.367398006572511
454							N21000454			54.81463267602737	-7.481732350412087
455							N21000455			54.78596066219932	-7.471009124763956
456							N21000456			54.78192272881398	-7.507451637661849
457							N21000457			54.733655643315636	-7.523247271506818
458							N21000458			54.71785175748761	-7.380109091651416
459							N21000459			54.708996612013365	-7.592341630128853
460							N21000460			54.689511252855674	-7.480049304429328
461							N21000461			54.6785132890493	-7.7282995417852645
462							N21000462			54.32262731998639	-7.449001991643829
463							N21000463			54.29523360590796	-7.279608952920609
464							N21000464			54.26813595794905	-7.465430253774929
465							N21000465			54.25218224108049	-7.446084553892575
466							N21000466			54.22712496087704	-7.315744246333696
467							N21000467			54.176280361404636	-7.384265161881556
468							N21000468			54.42737523070727	-7.9852607789791765
469							N21000469			54.35459875568235	-7.892944673908479
470							N21000470			54.35083413663686	-7.7186413918418975
471							N21000471			54.28897308408035	-7.786264707943182
472							N21000472			54.263449701475594	-7.61874255855478
473							N21000473			54.183646286264405	-7.578831660938412
474							N21000474			54.43401102205851	-7.665643266058962
475							N21000475			54.35526496151596	-7.634296930039148
476							N21000476			54.35386608073788	-7.603179730431917
477							N21000477			54.35109046767531	-7.669414398974296
478							N21000478			54.34879664696847	-7.645573574100612
479							N21000479			54.34784350444862	-7.620541577866739
480							N21000480			54.32631137707567	-7.5669001586285445
481							N21000481			54.33425259381011	-7.649786564270261
482							N21000482			54.54750721045328	-7.669056587364746
483							N21000483			54.536124593052726	-7.861707340961541
484							N21000484			54.51372961953215	-7.633484184864311
485							N21000485			54.47327834768556	-7.6360661120687725
486							N21000486			54.42012780236191	-7.596755721814558
487							N21000487			54.41558960445222	-7.485377956236635
488							N21000488			54.37841372110814	-7.548928173224205
489							N21000489			54.62094903157147	-7.377557969359998
490							N21000490			54.60900967379781	-7.562102139907312
491							N21000491			54.518912320865404	-7.375245063553285
492							N21000492			54.49676040093678	-7.3168911319498315
493							N21000493			54.504989566886664	-7.511349248678405
494							N21000494			54.496666848485866	-7.224373473855217
495							N21000495			54.468492431856774	-7.449263227468583
496							N21000496			54.609930309621994	-7.281015559517663
497							N21000497			54.61054825383226	-7.306512731872421
498							N21000498			54.60642345780832	-7.325981837183425
499							N21000499			54.60294753707973	-7.298934548960405
500							N21000500			54.59937841707956	-7.269465033561275
501							N21000501			54.595634943572975	-7.3173454808711105
502							N21000502			54.58960457260471	-7.281533076675799
503							N21000503			54.58925228698188	-7.309335708026013
504							N21000504			54.699319493697935	-7.074529186518586
505							N21000505			54.67999350702612	-7.248039470535232
506							N21000506			54.61939584540676	-7.300515062052284
507							N21000507			54.607438777326564	-7.176081016665427
508							N21000508			54.57461517609613	-7.037278835163939
509							N21000509			54.55737953585744	-7.2370273374709
510							N21000510			54.53391613093021	-7.118737051722565
511							N21000511			54.5001219506265	-6.059338391408548
512							N21000512			54.48213579487789	-6.099870915456967
513							N21000513			54.47973963720057	-6.235588568220095
514							N21000514			54.479172498505406	-6.22411294435263
515							N21000515			54.46680264106669	-6.089038456992424
516							N21000516			54.4637087611767	-6.078113848535623
517							N21000517			54.46080059921836	-6.153073013760364
518							N21000518			54.59399147924894	-6.218370382497902
519							N21000519			54.5845181860932	-6.104268101726112
520							N21000520			54.56520917059757	-6.2196024342162985
521							N21000521			54.53079414940538	-6.061785210308661
522							N21000522			54.52939330173931	-6.081794414843311
523							N21000523			54.52639699520481	-6.235376495278416
524							N21000524			54.5268445158187	-6.148154099994143
525							N21000525			54.505465547625	-6.189420883194269
526							N21000526			54.527049747691386	-6.068391199548193
527							N21000527			54.52350599730719	-6.0774146811587855
528							N21000528			54.5215572874292	-6.064217932835652
529							N21000529			54.51753282122683	-6.07558376181159
530							N21000530			54.51451745745385	-6.080800073900645
531							N21000531			54.51465930126759	-6.061068557614009
532							N21000532			54.509978083622954	-6.095829344637275
533							N21000533			54.51000965656239	-6.0627532008910565
534							N21000534			54.504702740295905	-6.051265002635355
535							N21000535			54.503850872320555	-6.062930965288635
536							N21000536			54.544139753743195	-6.012047406130852
537							N21000537			54.54316445726108	-6.0413801767309545
538							N21000538			54.53885062184628	-6.006114057753056
539							N21000539			54.53576724639742	-6.026574082984228
540							N21000540			54.53344749201867	-6.044504967310049
541							N21000541			54.52986219024696	-6.0347228288831705
542							N21000542			54.522335929268124	-6.050005265758108
543							N21000543			54.520834992059044	-6.037901583623182
544							N21000544			54.51874102026375	-6.027884909061837
545							N21000545			54.511695406519614	-6.041532795239945
546							N21000546			54.51761986149542	-5.959118260941559
547							N21000547			54.51061928432253	-6.030237874605114
548							N21000548			54.50580418642229	-6.0235228397702025
549							N21000549			54.47389092069927	-5.942559793803448
550							N21000550			54.46012074893454	-6.026523226382265
551							N21000551			54.41640088343824	-5.975668979027847
552							N21000552			54.39507318519418	-6.0256856681329545
553							N21000553			54.55929475614526	-5.903549043784069
554							N21000554			54.554884687920904	-5.895176349496891
555							N21000555			54.554863641583594	-5.912581840924081
556							N21000556			54.54833972349021	-5.914786054620398
557							N21000557			54.53949894468594	-5.888998025788627
558							N21000558			54.531498307422716	-5.908778759446895
559							N21000559			54.515434981795494	-5.893767319479159
560							N21000560			54.512022254530216	-5.889135526845836
561							N21000561			54.50022662520631	-5.865212926510032
562							N21000562			54.60593724516389	-5.790192539309179
563							N21000563			54.593508745392974	-5.77747781326848
564							N21000564			54.59462372864176	-5.803423820694095
565							N21000565			54.59350065847051	-5.812112835657432
566							N21000566			54.59077724322455	-5.798703914904398
567							N21000567			54.588860176626845	-5.791417077051819
568							N21000568			54.58589604987506	-5.810981872790395
569							N21000569			54.58482344911514	-5.7859492654354785
570							N21000570			54.550780146806716	-5.835815737250424
571							N21000571			54.5301687749179	-5.827267899151551
572							N21000572			54.91909444143823	-6.378278339060172
573							N21000573			54.889143426305225	-6.348652202576282
574							N21000574			54.89249129372689	-6.441043102101376
575							N21000575			54.87452023380114	-6.4714358489762756
576							N21000576			54.85875085028543	-6.319806415265055
577							N21000577			54.85379984795785	-6.364174341847748
578							N21000578			54.85013377429118	-6.366618777729138
579							N21000579			54.83036883932247	-6.433859705552473
580							N21000580			54.81620647256459	-6.356691929977856
581							N21000581			54.88050601882637	-6.274381123613785
582							N21000582			54.87691312672953	-6.291570503175517
583							N21000583			54.87512906352936	-6.272049625096517
584							N21000584			54.87049776309793	-6.260639114722512
585							N21000585			54.86885947727649	-6.281825043290166
586							N21000586			54.86637039042226	-6.2991819434371665
587							N21000587			54.862026862460816	-6.276401982967947
588							N21000588			54.858094732791066	-6.256179740115067
589							N21000589			54.85851619747995	-6.2685305456188365
590							N21000590			54.84745969696592	-6.301648389291507
591							N21000591			54.983423991152804	-6.26744965402985
592							N21000592			54.93906474229148	-6.1326186127406626
593							N21000593			54.925978422699	-6.276301748841939
594							N21000594			54.89358588805787	-6.2039920801591215
595							N21000595			54.891398373612766	-6.218074452305166
596							N21000596			54.849493350526586	-6.068971353964939
597							N21000597			54.85057661356801	-6.265559906930472
598							N21000598			54.84410400393924	-6.237063178492844
599							N21000599			54.84808888165405	-6.282456988728867
600							N21000600			54.805821234976484	-6.216848816559167
601							N21000601			54.988545267276905	-5.992358042915712
602							N21000602			54.98303188644188	-6.012074624642342
603							N21000603			54.90260151961178	-5.91406223484356
604							N21000604			54.869587683243104	-5.822262686771459
605							N21000605			54.8607815182633	-5.828639188922996
606							N21000606			54.86071015563997	-5.848410840723442
607							N21000607			54.858043861754766	-5.81432260230729
608							N21000608			54.856520402095754	-5.839095192644821
609							N21000609			54.85469716838229	-5.829572388164689
610							N21000610			54.85493409563031	-5.806219248025504
611							N21000611			54.848093487845574	-5.814050668953156
612							N21000612			54.84495524646666	-5.854798260213789
613							N21000613			54.81807106716388	-5.902150182511888
614							N21000614			54.818034421946514	-5.728533906943979
615							N21000615			54.788439386060645	-5.768639736412917
616							N21000616			54.77249637739708	-5.751059452577772
617							N21000617			54.757354315081415	-5.7110898013565
618							N21000618			54.75572682560565	-5.711751021375136
619							N21000619			54.76197258155734	-5.7871190754628135
620							N21000620			54.736136036165156	-5.759131167960343
621							N21000621			54.73621577392118	-5.782720498861582
622							N21000622			54.731562044517084	-5.80803204475417
623							N21000623			54.73164591524113	-5.7988140067910265
624							N21000624			54.72387213838609	-5.78937029219597
625							N21000625			54.72121122686371	-5.803656606005487
626							N21000626			54.71701103500448	-5.813411558816218
627							N21000627			54.712538135428616	-5.815446955793481
628							N21000628			54.750432406907656	-5.859394396758417
629							N21000629			54.72994357430175	-5.819032823474967
630							N21000630			54.72805921734658	-5.828818658237615
631							N21000631			54.72460369756141	-5.814016160534476
632							N21000632			54.72092751200125	-5.8173711358990365
633							N21000633			54.71531128232184	-5.832975583881151
634							N21000634			54.70025413998512	-5.878573205687034
635							N21000635			54.69687921145547	-5.871882239909187
636							N21000636			54.69490797500888	-5.861093605423372
637							N21000637			54.8991694631363	-6.556194395683603
638							N21000638			54.89532666236432	-6.652359765308729
639							N21000639			54.85051736252407	-6.587008351708624
640							N21000640			54.84522309975262	-6.789088724007139
641							N21000641			54.84790081516191	-6.676872735217979
642							N21000642			54.841838987751736	-6.671286974341698
643							N21000643			54.8301814463402	-6.535029817206239
644							N21000644			54.81450127515979	-6.706598639818111
645							N21000645			54.79712952662283	-6.497579399007687
646							N21000646			54.79463690536337	-6.785679288127383
647							N21000647			54.79303798340924	-6.621468760304236
648							N21000648			54.77575712815824	-6.556015816363131
649							N21000649			54.76132988737972	-6.830579817444968
650							N21000650			54.74556982611563	-6.553627040729199
651							N21000651			54.75827697056284	-6.611271302864381
652							N21000652			54.75094683374618	-6.6003170455537745
653							N21000653			54.74734279462434	-6.6182366651252345
654							N21000654			54.71321835186419	-6.755918341713444
655							N21000655			54.70049272405114	-6.630596297795905
656							N21000656			54.69383966664715	-6.669489013299884
657							N21000657			54.69200114666228	-6.557244137378195
658							N21000658			54.68125661049358	-6.910797508776378
659							N21000659			54.648129261371146	-6.7398336235473035
660							N21000660			54.64842214777728	-6.744993357380919
661							N21000661			54.64633656662907	-6.758130395958563
662							N21000662			54.6421068637737	-6.580155010702745
663							N21000663			54.63869032721611	-6.7465653485848005
664							N21000664			54.63535985527693	-6.705966256390844
665							N21000665			54.63081421085682	-6.752524522642649
666							N21000666			54.614003348941395	-6.849161399529416
667							N21000667			54.590791236104124	-6.925737687244804
668							N21000668			54.624626073945485	-6.534147275317266
669							N21000669			54.5868362213301	-6.717413244493982
670							N21000670			54.569561716795214	-6.660819904427912
671							N21000671			54.55855105093456	-6.607985922267132
672							N21000672			54.55261338193161	-6.890951305876914
673							N21000673			54.54193185947604	-6.695612565748443
674							N21000674			54.53853140639392	-6.748310420433755
675							N21000675			54.537872481643355	-6.6986068350888015
676							N21000676			54.51350819435141	-6.756766754981958
677							N21000677			54.512066112999406	-6.780019110344532
678							N21000678			54.50448052760846	-6.7667810198600735
679							N21000679			54.50964167886411	-6.741356012532979
680							N21000680			54.50152504978721	-6.748852548736026
681							N21000681			54.495584833299446	-6.77684713524097
682							N21000682			54.49252527211068	-6.682412570428914
683							N21000683			54.49021944045061	-6.749579411013416
684							N21000684			54.44734706647537	-6.696224828588204
685							N21000685			54.438844478672685	-6.73460081942287
686							N21000686			54.497558301424405	-6.824232198171537
687							N21000687			54.499747085415166	-6.924264880999186
688							N21000688			54.48879767073521	-7.006952852784003
689							N21000689			54.44929363929833	-7.075010602142345
690							N21000690			54.43308012866637	-6.843094875712046
691							N21000691			54.396673733511676	-7.218153002504661
692							N21000692			54.37686516923137	-6.895816687429087
693							N21000693			54.37623964121914	-7.316966301038357
694							N21000694			54.231113096825794	-6.418831257092538
695							N21000695			54.206335131118124	-6.531448835567981
696							N21000696			54.1972429543613	-6.364393609163444
697							N21000697			54.19166655924951	-6.388711439206027
698							N21000698			54.1865155557141	-6.398186580896869
699							N21000699			54.149041426536044	-6.447598743817389
700							N21000700			54.140775519569196	-6.53569419398524
701							N21000701			54.12339275741914	-6.618965334874628
702							N21000702			54.09293155813391	-6.48154742619165
703							N21000703			54.08305373362749	-6.558081828785764
704							N21000704			54.0863720001508	-6.4062899767290835
705							N21000705			54.07646262065076	-6.608166706142076
706							N21000706			54.19000403417704	-6.342072138647326
707							N21000707			54.18994323804597	-6.327674081021509
708							N21000708			54.18408497462544	-6.35176710743421
709							N21000709			54.184018544862646	-6.322711699797202
710							N21000710			54.17835874816877	-6.33928862214736
711							N21000711			54.17664359138737	-6.3572945701967525
712							N21000712			54.17389361365372	-6.325328334829652
713							N21000713			54.172196057844324	-6.346571843082808
714							N21000714			54.1629368793972	-6.322593150550597
715							N21000715			54.163927552845436	-6.3517677537406305
716							N21000716			54.15982349786691	-6.338084530465353
717							N21000717			54.13687610207244	-6.352225727287648
718							N21000718			54.11788699746318	-6.373616822301138
719							N21000719			54.236769245855676	-6.245286678773452
720							N21000720			54.205870008343375	-6.234644038556357
721							N21000721			54.20050211629347	-6.311738807870136
722							N21000722			54.194360281193184	-6.142701878767411
723							N21000723			54.15739932044461	-6.256186006911777
724							N21000724			54.14448830713823	-6.294158420419363
725							N21000725			54.14346157695178	-6.172581287033459
726							N21000726			54.11218975278545	-6.2600130466185036
727							N21000727			54.10834542232047	-6.242840959126478
728							N21000728			54.104472644244794	-6.260462264224388
729							N21000729			54.10093592017166	-6.19202396913916
730							N21000730			54.24177298221988	-5.946159969026388
731							N21000731			54.22050376113236	-5.892548898259029
732							N21000732			54.21949563191219	-5.900806850284217
733							N21000733			54.21579569985993	-5.884483405311125
734							N21000734			54.209548705022364	-5.904153644528065
735							N21000735			54.2061061090467	-6.027586183792338
736							N21000736			54.135061534156996	-5.973074734796715
737							N21000737			54.106476742349344	-5.904138581628065
738							N21000738			54.09309423014953	-5.941359007538712
739							N21000739			54.082247851641725	-6.090073184770383
740							N21000740			54.06706328628498	-5.990697092962289
741							N21000741			54.063781621207575	-6.01850863245181
742							N21000742			54.0591891887478	-6.005507882022154
743							N21000743			54.37669001276197	-5.89681207287442
744							N21000744			54.36892353378147	-5.853249926026741
745							N21000745			54.33611563373535	-5.917838148571077
746							N21000746			54.33535470904405	-5.7935956893933325
747							N21000747			54.29800824519818	-6.010657837894602
748							N21000748			54.27341684030112	-5.8068378748636205
749							N21000749			54.27079792062083	-5.890923104885504
750							N21000750			54.25842066143811	-5.847143281930831
751							N21000751			54.255467509837615	-5.942469382015617
752							N21000752			54.46135001934884	-5.831621086725233
753							N21000753			54.45429099755349	-5.832446237435887
754							N21000754			54.44122177449806	-5.864119809650424
755							N21000755			54.417289085329486	-5.688912606868992
756							N21000756			54.42808451402733	-5.779307164051915
757							N21000757			54.40554671856731	-5.8906920111402234
758							N21000758			54.40274035377131	-5.900560158661437
759							N21000759			54.39841727551422	-5.652562688952989
760							N21000760			54.39547618102736	-5.758082041594973
761							N21000761			54.357780267186556	-5.681981284054531
762							N21000762			54.32875146243921	-5.5677032365333075
763							N21000763			54.33785544083378	-5.704839148347083
764							N21000764			54.32846729950107	-5.694315621235472
765							N21000765			54.32874512873845	-5.713452034965977
766							N21000766			54.32052566290339	-5.7219728468452296
767							N21000767			54.31769416969366	-5.70746129574079
768							N21000768			54.29788867523911	-5.645335407353008
769							N21000769			54.26197989105142	-5.611751136304418
770							N21000770			54.25978261471908	-5.693739982280098
771							N21000771			54.55259134459153	-5.755890899884838
772							N21000772			54.55096919901585	-5.740662166023054
773							N21000773			54.55125453243961	-5.731460800790597
774							N21000774			54.545565393476565	-5.7490046901466085
775							N21000775			54.538013874628305	-5.776269832382483
776							N21000776			54.50856565156194	-5.714040560149101
777							N21000777			54.50266270924917	-5.791124743165739
778							N21000778			54.473667146193435	-5.734428641423535
779							N21000779			54.612669264837734	-5.717249942059684
780							N21000780			54.60459201222312	-5.67333919713121
781							N21000781			54.60075139346066	-5.687050351649245
782							N21000782			54.60007423367291	-5.668491628422836
783							N21000783			54.600276275661045	-5.709184904234337
784							N21000784			54.599786857893996	-5.699089649687882
785							N21000785			54.59558043449126	-5.677622593951716
786							N21000786			54.5933676333952	-5.667968082432338
787							N21000787			54.59475280765729	-5.697187042031845
788							N21000788			54.5948121338355	-5.685298769814952
789							N21000789			54.59223916667359	-5.705216560109484
790							N21000790			54.58527670507153	-5.739921886758288
791							N21000791			54.58629686933724	-5.705596374409319
792							N21000792			54.58654664068302	-5.674076338864767
793							N21000793			54.58510322371303	-5.690464321591226
794							N21000794			54.580509029388985	-5.70330472418147
795							N21000795			54.67079031651855	-5.7409556940784565
796							N21000796			54.664342356764365	-5.704252020458082
797							N21000797			54.65832583603876	-5.734705329523973
798							N21000798			54.65248023868951	-5.806346500804038
799							N21000799			54.64381900827741	-5.820791902680583
800							N21000800			54.63555802602897	-5.7622506277808
801							N21000801			54.63987138112766	-5.68563015537482
802							N21000802			54.63833128452203	-5.840163768741015
803							N21000803			54.63212300306055	-5.678514182760501
804							N21000804			54.634316731403054	-5.826903160901393
805							N21000805			54.62847089688607	-5.846610501184187
806							N21000806			54.66237898006446	-5.685126298818573
807							N21000807			54.6583227057172	-5.703417925925978
808							N21000808			54.65665554011963	-5.696590451603835
809							N21000809			54.65549589438287	-5.686279442867278
810							N21000810			54.654205279956386	-5.710334452004017
811							N21000811			54.65297060917227	-5.679522568124056
812							N21000812			54.64944412662409	-5.682656795890312
813							N21000813			54.648779534968384	-5.698285397970427
814							N21000814			54.644963329812185	-5.686095146570681
815							N21000815			54.66653327543559	-5.660454788188542
816							N21000816			54.66277536542521	-5.635598304052598
817							N21000817			54.662504798651504	-5.673858773166085
818							N21000818			54.662809337259745	-5.654562843367829
819							N21000819			54.662280953032905	-5.644865169448512
820							N21000820			54.65892716103942	-5.663587400980749
821							N21000821			54.655804460200144	-5.646969961121615
822							N21000822			54.65257041579667	-5.666282275194298
823							N21000823			54.64878757478301	-5.653207367574422
824							N21000824			54.645924355403544	-5.667832448697075
825							N21000825			54.64048735640331	-5.65716986663981
826							N21000826			54.639351128067744	-5.6689326639767845
827							N21000827			54.63572532531196	-5.640166899581993
828							N21000828			54.625775806301625	-5.65638130333384
829							N21000829			54.674503052972675	-5.616011568483721
830							N21000830			54.66234401086091	-5.626252385931437
831							N21000831			54.65240386988687	-5.55505849331496
832							N21000832			54.65389343417264	-5.63439877343356
833							N21000833			54.651517256189486	-5.585354531506015
834							N21000834			54.64965795477682	-5.626435727059635
835							N21000835			54.64802300144585	-5.638593229933584
836							N21000836			54.642939600767164	-5.636122517570279
837							N21000837			54.641213711880475	-5.5428206414817485
838							N21000838			54.634088382734014	-5.5367126674122975
839							N21000839			54.606392502513046	-5.530759460915025
840							N21000840			54.597656230151046	-5.659252854732536
841							N21000841			54.59645020750887	-5.579818158057863
842							N21000842			54.56001998176847	-5.5708946449214976
843							N21000843			54.54453932413215	-5.488550743252987
844							N21000844			54.515939356894144	-5.514390934322973
845							N21000845			54.49669131565708	-5.466681962157488
846							N21000846			54.47264231451262	-5.485781511383197
847							N21000847			54.46073088698656	-5.443821881560993
848							N21000848			54.4379320055166	-5.468004431055502
849							N21000849			54.40249375825072	-5.515691249925643
850							N21000850			54.382433357058915	-5.541113982893238
